F46E8665DAA106A25A34006D8FE5E188,9a071bf5-425c-4786-a7a1-68bce2cecae8
1680CD2259EFACF4B5BEF2F8B9D0EC3E,9a071bf5-425c-4786-a7a1-68bce2cecae8
EC93D1B61AF3ADC5EB7645A4122884BA,ca456ef9-1164-4d33-8f60-8cb5813783ae
87FA0B57CC9AE7844CA8FF5DEC1CB7EE,57be3755-de9a-4dc0-ab7e-86a114084cfd
2AC8BA3896E408CF2EE7D2331130430C,45650411-1783-49ab-9cbb-a1d54db1a04f
DE492EB4972A3727A26C0EE9B184B190,99410354-7925-4478-949e-5828e4f996b6
META3EF5E76A44325E1D437FFA7C9C10,99410354-7925-4478-949e-5828e4f996b6
4169A9B4FC4D881D91561569758F03E9,918a13da-a52a-4ae1-9b4d-31717175b3cb
97EC753F85AB63430FDF1EDF5DCCBE7B,918a13da-a52a-4ae1-9b4d-31717175b3cb
META6FA57F912DC39E3646617E3E38FE,918a13da-a52a-4ae1-9b4d-31717175b3cb
5C469B2F53FCE43B2E9D60942865A88E,bbfbf144-03f3-4eac-b882-2062fd4962be
0A9ABB02F4DAD36262E9CE83F58B722B,5c2ccd28-4d74-4a8d-b298-dc38ce84fd0e
METAEE56C09D8E2C2AE81188FD0A2F32,5c2ccd28-4d74-4a8d-b298-dc38ce84fd0e
52CEB37DD77723889EAF9B2982D28B41,e1d2cb4f-5aaf-4d11-bb9e-ad8a54673def
9D0C17337EC5A487DACCFB1C2D2D2844,6abb596c-667a-4a7f-ad57-c3e7f3ea0021
97D5DB7300EEE43B708B4C5CBFEF072A,a87786f6-d5c2-4699-a135-7596ffa63ae1
3276155B1780D53F8C3DBAA9FBFBF188,a87786f6-d5c2-4699-a135-7596ffa63ae1
273BBA05D7B03BC1838EFFC6B1F5A143,55e93a16-2e9b-4e0f-aef1-d8b5565f2646
A1A56F3973D956381995E330AA3A09B7,3c5943e6-2a7d-475e-98be-90528129d5e7
7789BAB24659EF290F5E4B34B13BBC0B,6c771e40-09c2-44be-a8ea-89376b88d0d2
D1E6B35F3FB4929E12440A17EC8EDF7F,3fd258d6-ea29-4705-96c5-6d16b4978eb7
6D582D3F33E936C7E3D22C33F6763C49,3fd258d6-ea29-4705-96c5-6d16b4978eb7
1ECFF0208518FC5EF3E3EE80827DBE83,8494460a-4270-4825-b05c-74e6bd4d5394
CC09D3F3797498532654B9DA8699B96E,2c71d0c3-79a4-4b60-9f05-1abbf4797aac
F9EA66A1AB00CE09968886D7CDB23463,0098b551-f342-43ff-9907-ebd6f917af2b
DEC57F83251725C901CF6472940689BF,f4f85aa4-a719-4d71-b1ca-43d68ce86e0e
6F2D8D500254E24BAF4E91AD373A221A,0979c680-250f-41c7-9a70-a4c5f6c1d9f5
BF7D4AD4059C85BEAEF85C0B488E2C9D,258e3ab0-fddd-4f81-b3c3-25ae035d04ba
METAF240260D6712598B422C950A31C4,258e3ab0-fddd-4f81-b3c3-25ae035d04ba
973DA2F89F33913EA2B91CC543DFFA95,e896033a-0f60-4dc3-b4d1-765099d54cbe
984D7B5F05F40BAC78292DEB641FA90C,c5d3950c-bc07-4097-8d70-8b430882bdcb
META9680B7B3269E21F3C3FD22A2B39A,c5d3950c-bc07-4097-8d70-8b430882bdcb
876B9ACD069BA5F1A25C38664F8B7E1E,c5d3950c-bc07-4097-8d70-8b430882bdcb
6A9E4FF9064EA3BC90FA22B2C0501936,c5d3950c-bc07-4097-8d70-8b430882bdcb
53BCA467AE1E27EB884796D096B9CB1B,acd33ab5-285f-438c-b05e-7c5ff5092f45
F4A193116911C49E8291278009D0D41A,a2011b0e-930b-4315-9359-075763db701e
6F2D8D500254E24BAF4E91AD373A221A,bd4c58b9-f369-4daf-b4d2-a328fff6cf88
8849099B61BC7FCCF25D76FCFAA333E4,28170001-60d4-4e34-bd8a-751083c1557f
METADCDFFA8546C8BFE11A44D5BC0B19,28170001-60d4-4e34-bd8a-751083c1557f
BD7C22D96E1EEE728B3F03FFEC97B95F,28170001-60d4-4e34-bd8a-751083c1557f
0F32A90A85B5FC7EDF752FC3EA6DF5DF,28170001-60d4-4e34-bd8a-751083c1557f
E90CF4022B071C9D352BCDD7AABA6016,fa379297-6f57-4a3f-9494-093c5d961d49
66E0EDC9F4AF2550312BDD159A65492F,6c67d458-b307-43ab-802c-97bd1fca4362
META2883341EA4E8A249DF237C187009,6c67d458-b307-43ab-802c-97bd1fca4362
760029F55C1F65D197DB8EF27C8D53D5,0438cb01-1b18-461c-98ae-c7eb49839920
072E7BD79C2D085C3A7F1AFDF079FD17,fd9d61ad-78b5-4be9-8eae-95c1d5937eb7
78199DF24C4BC835889EFD01FFB95A1E,fd9d61ad-78b5-4be9-8eae-95c1d5937eb7
0F32A90A85B5FC7EDF752FC3EA6DF5DF,dea6e59d-99ac-4b1d-b58c-031d2d7bd641
2D358410CCCE69E5FF56BDDB2BEAD944,7cc710e8-b9a8-442a-95a7-370f8f78868b
D61B51600B14D1E5B77078DDCF4A7ECC,5f1c2e67-e29b-4c16-8fda-170ea98753d0
META5FAE7AA1B6C347989AC2F8DEFED7,5f1c2e67-e29b-4c16-8fda-170ea98753d0
5F278F52E6FC0F29ACCEDB74A061139A,e4930954-29c5-4a58-ad2a-2a19351d7861
518CEBA896C65539F6A83FCF0A4D80FB,d4c9f34f-3f02-4407-943a-8ae8cedd6b5d
META89997CAA309B447C21533A649EB6,247b8eed-b35d-4726-afd4-9516a67bfa7b
A3FB69E02FDC942D57619795AA3234FB,53c0185b-e311-4cdf-ab0e-ae0f11bc3d9d
BDD4A145D32B15306B962C850140A450,2700385c-9b36-4ce9-b6bf-b59f3c00aaeb
70B95E2053E1BC3490FFC399EAA60104,80e3ed63-b436-4c68-b2f8-f2cbe9813e46
C46ACFFD7626986791A9DBCA32B91D1C,382ab839-21d7-4279-afe9-4f5b1b6b3df0
14FAFF8AFBA6A6915D178EA5889165A1,5f8c9b0a-4a2b-4341-8408-5d955ad4cd67
F3951044BE21AF9E5C2B43511F6FEF5A,6903812d-f8a5-47e9-ba75-7a2b543486f5
1F1F3D3975C0D1D3F9EF69A6174E449C,92908582-0f3d-40b8-9f0e-431d29c57069
46BCEDC87A261FC14E4CDFB03CB44E2B,d225f6b9-7b83-4cac-b486-bebf022590dd
METAD126259E553427B968A04BC1C9A889,d225f6b9-7b83-4cac-b486-bebf022590dd
METAF7A5DE39B8AE7E4DF1C099FED52710,11b287fb-c993-4774-8986-b4c25ef558f1
A123D0C043CAE2F2C53C817C25AEF7EE,b309687d-00e6-48d5-b295-97f9487187a9
METAAE1BABFEF2F9E18C1D89A073D55A34,b309687d-00e6-48d5-b295-97f9487187a9
47C4A83F26659CBE3D7BDCCCE04C908B,4422274a-2b99-49d1-bac9-03ad1da64394
META03373E2315D6EB3E8410B25A39F431,4422274a-2b99-49d1-bac9-03ad1da64394
2CC5508B3200430A567517AC1E6C5D61,b5240649-41c0-4e75-9061-3d62da866bf7
1E120B983F03592F029E670A1424E683,b5240649-41c0-4e75-9061-3d62da866bf7
META7EE8949AFCFBDE4DE2789384E81ED6,b5240649-41c0-4e75-9061-3d62da866bf7
1632782D8A6DD3FF8F972625059163F7,3bdbfaa3-c9d6-4474-8cfe-810e3edf2b0a
METAD90B9FC66E5C3EA2E2937BA5B2DB75,3bdbfaa3-c9d6-4474-8cfe-810e3edf2b0a
6222F12570EB46655D03B396E41305DB,9231c716-1b59-4c4b-95d9-3fcd3f6ca2b7
META0819CFCDDC20D9FF8818C2F9E3017E,9231c716-1b59-4c4b-95d9-3fcd3f6ca2b7
5801ACF693C065615EEC7057E3512C41,4a0a14e0-4408-4be1-b94b-67312f6a8d40
METAEFFAFF547F48EDF1FF31D96EF32CA5,4a0a14e0-4408-4be1-b94b-67312f6a8d40